{"cameraMode":{"drawMode":0,"name":"Shaded","section":"Shading Mode"},"sceneLighting":false,"audioPlay":false,"sceneViewState":{"m_AlwaysRefresh":false,"showFog":true,"showSkybox":false,"showFlares":true,"showImageEffects":true,"showParticleSystems":true,"showVisualEffectGraphs":true,"m_FxEnabled":true},"in2DMode":false,"pivot":{"x":64.60216522216797,"y":56.896202087402347,"z":1247.321044921875},"rotation":{"x":-0.007695020642131567,"y":-0.9924564957618713,"z":-0.08265513181686402,"w":0.09105294197797775},"size":17.362096786499025,"orthographic":false}