{"cameraMode":{"drawMode":0,"name":"Shaded","section":"Shading Mode"},"sceneLighting":false,"audioPlay":false,"sceneViewState":{"m_AlwaysRefresh":false,"showFog":true,"showSkybox":false,"showFlares":true,"showImageEffects":true,"showParticleSystems":true,"showVisualEffectGraphs":true,"m_FxEnabled":true},"in2DMode":false,"pivot":{"x":5.269092559814453,"y":4.522735595703125,"z":5.702709197998047},"rotation":{"x":0.026288993656635286,"y":-0.38857483863830569,"z":0.011003735475242138,"w":0.9210382103919983},"size":19.056171417236329,"orthographic":false}