{"cameraMode":{"drawMode":0,"name":"Shaded","section":"Shading Mode"},"sceneLighting":false,"audioPlay":false,"sceneViewState":{"m_AlwaysRefresh":false,"showFog":true,"showSkybox":false,"showFlares":true,"showImageEffects":true,"showParticleSystems":true,"showVisualEffectGraphs":true,"m_FxEnabled":true},"in2DMode":false,"pivot":{"x":-0.1634368896484375,"y":-0.3183460235595703,"z":6.780012130737305},"rotation":{"x":0.2225566953420639,"y":-0.28462010622024538,"z":0.06811250746250153,"w":0.9299691915512085},"size":23.147987365722658,"orthographic":false}