{"cameraMode":{"drawMode":0,"name":"Shaded","section":"Shading Mode"},"sceneLighting":false,"audioPlay":false,"sceneViewState":{"m_AlwaysRefresh":false,"showFog":true,"showSkybox":false,"showFlares":true,"showImageEffects":true,"showParticleSystems":true,"showVisualEffectGraphs":true,"m_FxEnabled":true},"in2DMode":false,"pivot":{"x":-0.000003814697265625,"y":0.5000001192092896,"z":-0.0000057220458984375},"rotation":{"x":-0.37744539976119997,"y":-0.060214173048734668,"z":0.024603290483355523,"w":-0.9237504005432129},"size":21.219106674194337,"orthographic":false}