{"cameraMode":{"drawMode":0,"name":"Shaded","section":"Shading Mode"},"sceneLighting":false,"audioPlay":false,"sceneViewState":{"m_AlwaysRefresh":false,"showFog":true,"showSkybox":false,"showFlares":true,"showImageEffects":true,"showParticleSystems":true,"showVisualEffectGraphs":true,"m_FxEnabled":true},"in2DMode":false,"pivot":{"x":21.668426513671876,"y":25.683395385742189,"z":1234.878173828125},"rotation":{"x":-0.21864435076713563,"y":0.26125985383987429,"z":-0.060735415667295459,"w":-0.9383115768432617},"size":27.18411636352539,"orthographic":false}