{"cameraMode":{"drawMode":0,"name":"Shaded","section":"Shading Mode"},"sceneLighting":false,"audioPlay":false,"sceneViewState":{"m_AlwaysRefresh":false,"showFog":true,"showSkybox":false,"showFlares":true,"showImageEffects":true,"showParticleSystems":true,"showVisualEffectGraphs":true,"m_FxEnabled":true},"in2DMode":false,"pivot":{"x":17.371620178222658,"y":14.363479614257813,"z":1235.1343994140625},"rotation":{"x":-0.03761826083064079,"y":0.6101424694061279,"z":-0.028810791671276094,"w":-0.7909903526306152},"size":28.21306037902832,"orthographic":false}