{"cameraMode":{"drawMode":0,"name":"Shaded","section":"Shading Mode"},"sceneLighting":false,"audioPlay":false,"sceneViewState":{"m_AlwaysRefresh":false,"showFog":true,"showSkybox":false,"showFlares":true,"showImageEffects":true,"showParticleSystems":true,"showVisualEffectGraphs":true,"m_FxEnabled":true},"in2DMode":false,"pivot":{"x":1.592679500579834,"y":13.141016006469727,"z":-7.963047027587891},"rotation":{"x":0.03774501010775566,"y":0.9614612460136414,"z":-0.21098792552947999,"w":0.17252527177333833},"size":22.314599990844728,"orthographic":false}