{"cameraMode":{"drawMode":0,"name":"Shaded","section":"Shading Mode"},"sceneLighting":false,"audioPlay":false,"sceneViewState":{"m_AlwaysRefresh":false,"showFog":true,"showSkybox":false,"showFlares":true,"showImageEffects":true,"showParticleSystems":true,"showVisualEffectGraphs":true,"m_FxEnabled":true},"in2DMode":false,"pivot":{"x":-7.225467681884766,"y":3.6493911743164064,"z":17.429733276367189},"rotation":{"x":-0.057204656302928928,"y":-0.2980785667896271,"z":-0.017988651990890504,"w":0.9527158141136169},"size":22.314599990844728,"orthographic":false}