{"cameraMode":{"drawMode":0,"name":"Shaded","section":"Shading Mode"},"sceneLighting":false,"audioPlay":false,"sceneViewState":{"m_AlwaysRefresh":false,"showFog":true,"showSkybox":false,"showFlares":true,"showImageEffects":true,"showParticleSystems":true,"showVisualEffectGraphs":true,"m_FxEnabled":true},"in2DMode":false,"pivot":{"x":89.6702651977539,"y":44.92182922363281,"z":1253.77001953125},"rotation":{"x":0.0037658619694411756,"y":0.9827804565429688,"z":0.019745586439967157,"w":-0.18400761485099793},"size":22.290555953979493,"orthographic":false}