{"cameraMode":{"drawMode":0,"name":"Shaded","section":"Shading Mode"},"sceneLighting":true,"audioPlay":false,"sceneViewState":{"m_AlwaysRefresh":false,"showFog":true,"showSkybox":true,"showFlares":true,"showImageEffects":true,"showParticleSystems":true,"showVisualEffectGraphs":true,"m_FxEnabled":false},"in2DMode":false,"pivot":{"x":1021.3528442382813,"y":679.4801635742188,"z":559.185791015625},"rotation":{"x":-0.034485600888729098,"y":-0.020985983312129976,"z":-0.0007243190775625408,"w":0.9991853833198547},"size":1167.616455078125,"orthographic":false}