{"cameraMode":{"drawMode":0,"name":"Shaded","section":"Shading Mode"},"sceneLighting":true,"audioPlay":false,"sceneViewState":{"m_AlwaysRefresh":false,"showFog":true,"showSkybox":true,"showFlares":true,"showImageEffects":true,"showParticleSystems":true,"showVisualEffectGraphs":true,"m_FxEnabled":true},"in2DMode":false,"pivot":{"x":697.9547729492188,"y":372.16168212890627,"z":-298.14874267578127},"rotation":{"x":0.4574778079986572,"y":0.032637957483530048,"z":-0.016806617379188539,"w":0.8884724378585815},"size":377.42138671875,"orthographic":false}