{"cameraMode":{"drawMode":0,"name":"Shaded","section":"Shading Mode"},"sceneLighting":true,"audioPlay":false,"sceneViewState":{"m_AlwaysRefresh":false,"showFog":true,"showSkybox":true,"showFlares":true,"showImageEffects":true,"showParticleSystems":true,"showVisualEffectGraphs":true,"m_FxEnabled":true},"in2DMode":false,"pivot":{"x":361.9224853515625,"y":57.384483337402347,"z":542.5582275390625},"rotation":{"x":0.05165631324052811,"y":-0.8746185302734375,"z":0.09562265872955322,"w":0.4724777638912201},"size":60.731388092041019,"orthographic":false}