{"cameraMode":{"drawMode":0,"name":"Shaded","section":"Shading Mode"},"sceneLighting":true,"audioPlay":false,"sceneViewState":{"m_AlwaysRefresh":false,"showFog":true,"showSkybox":true,"showFlares":true,"showImageEffects":true,"showParticleSystems":true,"showVisualEffectGraphs":true,"m_FxEnabled":false},"in2DMode":false,"pivot":{"x":1100.517578125,"y":297.7784423828125,"z":24.24658203125},"rotation":{"x":-0.008999913930892945,"y":-0.0014999679988250137,"z":-0.000013472758837451693,"w":0.9999552369117737},"size":1284.4041748046875,"orthographic":true}