{"cameraMode":{"drawMode":0,"name":"Shaded","section":"Shading Mode"},"sceneLighting":false,"audioPlay":false,"sceneViewState":{"m_AlwaysRefresh":false,"showFog":true,"showSkybox":false,"showFlares":true,"showImageEffects":true,"showParticleSystems":true,"showVisualEffectGraphs":true,"m_FxEnabled":true},"in2DMode":false,"pivot":{"x":15.409013748168946,"y":-13.338287353515625,"z":-7.9787750244140629},"rotation":{"x":-0.4801139235496521,"y":0.05598241090774536,"z":-0.03073428012430668,"w":-0.8748913407325745},"size":24.739992141723634,"orthographic":false}